Patient_id,Condition_std,QRS_mean,QRS_std,R_amp_mean,R_amp_std,signal_energy,HRV_MeanNN,HRV_RMSSD,HRV_SDNN,HRV_pNN50,approximateEntropy,distributionEntropy,fuzzyEntropy,hjorthComplexity,lempelZivComplexity,permutationEntropy,renyiEntropy,sampleEntropy,singularValueDecompositionEntropy,spectralEntropy,entropyProfiled_average_sampleEntropy,entropyProfiled_kurtosis_sampleEntropy,entropyProfiled_maximum_sampleEntropy,entropyProfiled_median_sampleEntropy,entropyProfiled_skewness_sampleEntropy,entropyProfiled_standardDeviation_sampleEntropy,entropyProfiled_total_sampleEntropy,entropyProfiled_variance_sampleEntropy,detrendedFluctuation,fisherInfo,higuchiFd,hjorthMobility,katzFd,petrosianFd,fd_bandPower,fd_kurtosis,fd_maximum,fd_mean,fd_median,fd_minimum,fd_skewness,fd_standardDeviation,fd_variance,kurtosis,maximum,meanAbsoluteValue,median,minimum,numberOfZeroCrossing,positiveToNegativeSampleRatio,skewness,standardDeviation,variance,n_segments_qc_clean
10013,HI,0.157876923,0.062227725,-0.8766070269999999,0.7316796875,13501.63365,687.2643678,43.9196956,29.277238905,15.95558153,0.28,0.82,0.14,1.62,2.0,2.57,-8.17,0.17,1.0950000000000002,4.925,0.03,59.894999999999996,0.765,0.02,6.035,0.05,30.505000000000003,0.0,0.43,0.49,1.37,0.46499999999999997,2.86,1.02,0.0,59.625,292.39,6.970000000000001,1.72,0.01,6.29,15.434999999999999,238.255,10.245000000000001,0.71,0.07,-0.01,-0.26,1242.0,0.705,2.72,0.14,0.02,30
10013,PreHI,0.1293028615,0.0440447935,-0.6384920255,0.8090487155,12470.809145,618.5783679,64.91666451,39.23395893,33.334328715,0.505,0.83,0.28,1.47,2.0,2.52,-8.06,0.35,1.21,5.24,0.04,43.045,1.26,0.02,5.72,0.095,46.845,0.01,0.41,0.55,1.45,0.59,3.13,1.02,0.0,50.004999999999995,257.21999999999997,7.665,2.52,0.01,5.6,14.275,203.8,8.045,0.705,0.08,-0.02,-0.41,1400.5,0.575,1.87,0.13,0.02,30
1049,HI,0.14475,0.032133291,-0.373287428,0.69553918,12381.98669,1264.680851,164.3599512,128.2263586,29.21348315,0.17,0.69,0.08,1.41,2.0,2.53,-7.14,0.08,1.23,5.64,0.02,151.1,0.76,0.01,11.37,0.04,16.78,0.0,0.48,0.56,1.52,0.62,2.46,1.02,0.0,8.32,111.61,6.83,1.86,0.0,2.3,9.77,95.39,32.64,0.77,0.04,0.0,-0.26,1005.0,0.8,4.99,0.1,0.01,31
1049,PreHI,0.103049666,0.028243973,-0.005561696,0.8958753275,10564.78354,719.54056225,75.67294617499999,48.705192705,40.548429080000005,0.31,0.74,0.175,1.4649999999999999,3.5,2.27,-7.98,0.20500000000000002,1.22,5.3,0.03,149.365,1.84,0.005,11.0,0.10500000000000001,41.01,0.01,0.505,0.55,1.505,0.6,2.67,1.01,0.0,124.175,420.385,7.62,2.145,0.01,7.404999999999999,14.010000000000002,196.235,13.73,1.005,0.07,-0.02,-0.54,911.5,0.63,2.69,0.13,0.02,30
1855,HI,0.12090421300000001,0.0435390435,-0.391202776,0.7850344085000001,12999.243335,797.89160695,73.42350775,73.768095305,28.481686935,0.73,0.775,0.43000000000000005,2.22,2.0,2.49,-7.404999999999999,0.5900000000000001,1.24,5.195,0.05,103.2,4.055,0.01,9.335,0.22,73.065,0.045,0.55,0.53,1.48,0.5549999999999999,2.975,1.02,0.0,102.41499999999999,362.51,7.0649999999999995,3.27,0.01,6.71,11.25,126.58,15.690000000000001,0.355,0.065,0.01,-0.67,1921.5,1.335,-1.95,0.11,0.01,14
1855,PreHI,0.115263158,0.043514912,-0.005018419,0.90231348,12237.28545,625.0731707,219.4172424,216.9838316,71.34146341,1.22,0.71,0.71,3.4,4.0,2.58,-6.68,1.03,1.15,4.18,0.05,115.03,4.41,0.0,9.47,0.26,64.35,0.07,0.78,0.48,1.55,0.44,2.64,1.02,0.0,741.2,450.92,4.72,2.52,0.02,20.65,9.06,82.02,13.23,1.31,0.06,0.01,-0.58,1404.0,1.12,0.45,0.08,0.01,25
26398,HI,0.136564118,0.028651881,-0.28297216550000004,0.712774296,13583.199055000001,416.71500825,91.30866308,61.026686775,50.60279526,0.47,0.86,0.27,1.88,2.0,2.31,-8.68,0.335,1.24,4.78,0.07,124.065,3.3049999999999997,0.03,9.81,0.19,63.03,0.04,0.435,0.53,1.37,0.56,3.43,1.0150000000000001,0.0,120.35,451.685,8.495000000000001,3.89,0.01,7.8,17.685000000000002,313.31,2.58,0.4,0.11,0.03,-0.59,1559.5,1.9449999999999998,-1.585,0.165,0.03,30
26398,PreHI,0.132103846,0.036642994,-1.1731657265,1.039717163,12874.761295,432.20289855,129.40007745,93.07442280500001,67.01852754500001,0.65,0.87,0.34,1.96,2.0,2.4850000000000003,-8.28,0.45999999999999996,1.23,5.27,0.07,99.44,4.125,0.02,8.895,0.26,69.89,0.07,0.475,0.53,1.4,0.55,3.575,1.02,0.0,15.98,181.70999999999998,10.49,4.970000000000001,0.01,3.085,14.18,201.05,2.025,0.41,0.1,0.02,-0.53,1801.0,1.56,-1.22,0.14,0.02,30
26502,HI,0.12983827850000002,0.028096865999999998,0.4522067675,0.836939646,13262.14258,506.6838803,142.98461585,93.98046448,72.26813590500001,0.49,0.78,0.24,1.77,103.0,2.34,-9.715,0.28,1.16,5.29,0.05,199.64499999999998,3.93,0.02,12.375,0.18,94.155,0.03,0.46,0.51,1.47,0.5,3.0149999999999997,1.02,0.0,8.16,247.0,16.675,5.39,0.01,2.475,23.75,564.1500000000001,9.625,0.85,0.13,0.03,-1.21,1840.5,1.91,-2.8049999999999997,0.24,0.06,58
26502,PreHI,0.1317185925,0.031373430499999994,0.340034699,0.931431795,13444.414990000001,494.8215768,140.3077427,92.01461394,72.23413528500001,0.48,0.785,0.24,1.82,72.5,2.3,-9.75,0.275,1.13,5.21,0.05,202.28,3.93,0.02,12.45,0.18,94.14,0.03,0.49,0.5,1.46,0.48,3.0149999999999997,1.01,0.0,9.59,259.15,16.520000000000003,5.029999999999999,0.02,2.62,24.27,589.115,8.49,0.865,0.13,0.02,-1.22,1781.0,1.67,-2.5149999999999997,0.24,0.06,30
27245,HI,0.1937952305,0.033667298,0.2155395275,0.47786864,15223.6297,520.3144105,41.970182045,28.410487635000003,12.87948131,0.265,0.94,0.16,3.9850000000000003,62.5,2.3449999999999998,-12.43,0.14,0.8,2.82,0.06,59.88,1.505,0.02,5.5600000000000005,0.08,141.225,0.01,0.7,0.33,1.04,0.22,3.165,1.02,0.0,1136.59,3544.1400000000003,15.809999999999999,4.955,0.03,29.02,72.75999999999999,5293.879999999999,-0.48,0.93,0.5,-0.07,-1.29,474.5,0.91,-0.52,0.61,0.37,30
27245,PreHI,0.2028098645,0.038437196,-0.003015183999999999,0.6799816585,19030.79389,518.7130435,62.456094955,36.881825515,25.350321084999997,0.32999999999999996,0.94,0.18,3.86,66.5,2.28,-12.32,0.17,0.8200000000000001,3.065,0.06,95.065,1.835,0.02,7.055,0.09,137.765,0.01,0.7,0.335,1.0550000000000002,0.235,3.115,1.01,0.0,833.28,2993.68,15.335,4.655,0.02,24.810000000000002,68.94,4753.030000000001,-0.275,0.93,0.47,-0.06,-1.28,516.5,0.9,-0.535,0.58,0.34,30
30071,HI,0.137050505,0.036135505,-1.02127597,0.623380873,13609.70795,632.2539683,68.40779885,44.85980372,27.31958763,0.44,0.8,0.26,1.74,4.0,2.12,-8.49,0.32,1.02,4.67,0.04,141.35,2.55,0.0,10.34,0.14,59.77,0.02,0.57,0.46,1.37,0.4,2.66,1.01,0.0,163.18,509.47,7.62,1.81,0.0,9.54,17.36,301.3,3.1,1.18,0.11,0.02,-0.51,870.0,1.28,0.17,0.16,0.02,49
30071,PreHI,0.10663687150000001,0.030911968499999998,-1.0374805725,0.5014160089999999,13395.04472,666.03891785,93.893475895,65.20431803,28.41000807,0.815,0.87,0.46,2.03,2.0,2.49,-8.67,0.66,1.18,5.01,0.08,85.37,4.54,0.01,8.149999999999999,0.29,97.725,0.09,0.57,0.5,1.505,0.49,3.4299999999999997,1.02,0.0,136.52,466.175,9.77,4.5,0.02,8.615,17.66,311.74,2.325,0.63,0.12,0.02,-0.52,1409.0,1.32,0.32,0.16,0.03,30
30851,HI,0.144,0.048560737,-2.686399874,1.051259089,12188.945169999999,851.48571425,59.34737387,35.437162130000004,20.71428571,0.43,0.795,0.19,2.29,25.0,2.55,-8.87,0.24,1.38,5.21,0.04,242.325,2.98,0.01,13.485,0.13,64.935,0.02,0.55,0.595,1.49,0.73,3.21,1.03,0.0,544.5699999999999,758.85,7.355,4.46,0.025,19.674999999999997,20.335,413.47,9.03,1.03,0.1,0.01,-0.66,2560.0,1.27,-0.145,0.18,0.03,20
30851,PreHI,0.14246580050000002,0.048334989,-2.475267027,0.9962949965,10185.73991,849.4,58.779859675,39.518257605,17.952967175,0.425,0.8,0.2,2.255,25.0,2.55,-8.93,0.25,1.38,5.21,0.04,229.575,3.0,0.01,13.145,0.13,67.225,0.02,0.56,0.59,1.5,0.725,3.3049999999999997,1.03,0.0,585.23,798.3199999999999,7.44,4.29,0.03,20.53,20.845,434.48,8.760000000000002,1.02,0.1,0.01,-0.67,2605.0,1.2650000000000001,-0.25,0.18,0.03,28
491,HI,0.1969806845,0.0284459925,-2.4789023695,0.7497359125,14666.32664,856.5467626,66.82352485499999,47.16293803000001,23.741007189999998,0.32,0.9,0.17,5.735,2.0,2.43,-10.0,0.17,0.8,3.34,0.05,98.75,2.285,0.02,8.870000000000001,0.14,68.11500000000001,0.02,0.82,0.32,1.24,0.21,2.86,1.02,0.0,1118.4250000000002,1426.875,6.5649999999999995,2.465,0.02,29.29,31.435,988.25,1.755,0.485,0.18,0.0,-0.95,1365.0,1.105,-1.225,0.26,0.07,30
491,PreHI,0.176414379,0.040505058999999996,-1.956511719,1.489406818,14667.174599999998,841.5826590500001,125.29913015,79.34680083,59.15492958,0.39,0.87,0.19,4.695,2.0,2.375,-9.855,0.21,0.82,3.685,0.04,93.285,2.2350000000000003,0.01,8.65,0.14,67.11,0.02,0.77,0.33,1.22,0.23,2.775,1.02,0.0,244.305,907.1700000000001,10.030000000000001,3.035,0.02,12.015,28.78,828.29,3.255,0.6,0.16,0.01,-0.95,1113.0,1.3050000000000002,-1.43,0.25,0.06,30
57091,HI,0.139672131,0.052738282,-0.315104628,1.112310278,11521.91235,564.1132075,78.2548571,46.04061302,51.41509434,0.45,0.83,0.27,1.44,2.0,2.26,-7.15,0.31,1.33,5.2,0.05,100.18,2.18,0.02,8.85,0.15,40.93,0.02,0.37,0.59,1.53,0.72,3.47,1.01,0.0,87.46,238.01,4.69,1.86,0.01,7.46,10.98,120.6,7.3,0.47,0.06,-0.01,-0.34,1455.0,0.67,0.91,0.1,0.01,15
57091,PreHI,0.160954573,0.0276491635,-1.0204402259999998,0.6938535745000001,11140.458354999999,511.98305459999995,78.47391826500001,45.823405475,62.77173913,0.505,0.83,0.315,1.49,2.0,2.2,-7.779999999999999,0.375,1.31,5.07,0.05,117.89500000000001,2.795,0.01,9.48,0.17,53.415,0.03,0.475,0.58,1.53,0.685,3.525,1.01,0.0,242.75,420.36,4.95,1.935,0.01,12.48,13.985,195.63,5.0649999999999995,0.52,0.07,0.0,-0.525,1557.5,1.0950000000000002,-0.32,0.12,0.01,30
59285,HI,0.2102813295,0.034517998499999994,-0.48745395999999996,1.072215203,13866.395935,505.30508475,102.3430237,58.947352255,59.235485034999996,0.5,0.9,0.34,1.65,2.0,1.98,-9.02,0.42,1.03,4.395,0.07,40.155,1.795,0.02,5.535,0.16,81.59,0.03,0.52,0.46,1.31,0.41,3.4850000000000003,1.01,0.0,479.04999999999995,783.2249999999999,5.640000000000001,1.32,0.01,18.71,22.12,489.34000000000003,0.87,0.57,0.14,0.0,-0.58,1121.0,0.97,-0.25,0.19,0.03,32
59285,PreHI,0.17797561,0.0452430315,-0.6467244910000001,0.863804266,13731.713115,478.7502008,84.044605435,48.53746651,43.313944225,0.5,0.9,0.34,1.6949999999999998,2.0,1.96,-9.195,0.42,1.04,4.295,0.07,43.66,1.95,0.02,5.66,0.16,86.905,0.03,0.52,0.46,1.3,0.41,3.5,1.01,0.0,561.06,953.715,6.215,1.66,0.01,19.835,23.494999999999997,552.005,0.745,0.56,0.15,0.01,-0.63,1070.5,1.065,-0.49,0.2,0.04,30
638,HI,0.1268901865,0.0262553115,-0.362492583,0.586214156,12373.31322,507.0437793,73.536527235,49.817113230000004,44.613152805,0.46,0.83,0.235,1.96,32.0,2.52,-9.7,0.27,1.1150000000000002,4.905,0.04,37.510000000000005,1.14,0.03,4.895,0.08,71.785,0.01,0.515,0.485,1.39,0.445,3.075,1.02,0.0,47.515,553.74,15.17,4.48,0.01,4.905,24.575,604.585,6.1,0.475,0.135,0.035,-1.1749999999999998,1348.5,3.48,-2.385,0.235,0.055,36
638,PreHI,0.13084127,0.027986929,-0.1811354195,0.5641055265,13630.01416,525.5733619499999,75.06031111499999,52.032433010000005,43.10692271,0.45,0.82,0.22,2.02,41.5,2.51,-9.985,0.26,1.08,4.87,0.04,46.415,1.275,0.03,5.41,0.08,71.545,0.01,0.51,0.47,1.35,0.425,3.005,1.02,0.0,44.015,524.2049999999999,15.625,4.73,0.02,4.715,27.32,746.255,6.6850000000000005,0.51,0.15,0.05,-1.19,948.5,5.050000000000001,-2.495,0.26,0.07,24
70447,HI,0.18121267,0.018632656,-0.999130783,0.535659212,13148.4563,491.1604938,76.47330237,44.76797076,66.12903226,0.39,0.9,0.31,1.93,2.0,1.84,-9.05,0.39,1.14,4.41,0.07,76.17,2.4,0.02,7.2,0.16,78.69,0.03,0.52,0.49,1.36,0.47,3.55,1.01,0.0,224.13,614.37,7.27,2.41,0.01,12.17,21.42,458.82,1.19,0.47,0.13,-0.01,-0.61,1384.0,0.88,-0.17,0.19,0.04,43
70447,PreHI,0.131370558,0.029880869,-0.588818754,0.483814375,12799.77664,418.6947368,72.52506956,41.74263997,52.39852399,0.52,0.86,0.4,1.91,2.0,2.01,-8.41,0.46,1.24,4.6,0.07,67.51,2.73,0.01,6.96,0.2,82.98,0.04,0.55,0.53,1.44,0.55,3.53,1.01,0.0,215.02,490.93,7.93,3.33,0.01,10.63,16.7,278.77,0.66,0.52,0.12,0.0,-0.57,1335.0,1.05,-0.24,0.15,0.02,27
80436,HI,0.202590476,0.037634548,-0.143443516,0.661195,14612.87413,508.2893617,92.91456042,66.40861536,57.08154506,0.44,0.89,0.26,2.3,2.0,1.87,-9.08,0.32,0.83,3.9,0.06,90.19,2.43,0.03,8.12,0.15,62.28,0.02,0.63,0.36,1.2,0.26,3.0,1.01,0.0,207.1,695.43,7.99,0.89,0.0,10.29,21.86,478.0,2.43,0.34,0.13,0.04,-0.71,843.0,2.16,-1.58,0.19,0.04,27
80436,PreHI,0.157370577,0.0376332065,-1.4032987035,0.689601738,14706.41372,626.1989528500001,177.9590162,101.8946748,77.28375873,0.35,0.91,0.2,2.96,2.0,2.0,-9.08,0.22,0.73,3.48,0.05,113.105,2.28,0.03,8.99,0.135,51.485,0.02,0.74,0.31,1.205,0.21,2.835,1.01,0.0,729.72,1016.79,6.715,0.76,0.0,19.655,22.3,497.235,0.9099999999999999,0.29,0.14,0.04,-0.645,786.5,1.68,-1.245,0.19,0.04,30
8452,HI,0.136732026,0.023101315,-0.103264828,0.665917147,12587.41396,975.9338843,40.46397575,27.46269288,10.74380165,0.3,0.71,0.12,1.66,21.0,2.45,-9.18,0.13,1.13,5.26,0.02,212.24,1.87,0.02,13.16,0.09,40.61,0.01,0.5,0.5,1.39,0.49,2.74,1.02,0.0,95.39,449.48,9.56,2.92,0.01,7.88,20.96,439.12,13.78,0.48,0.09,0.03,-1.08,1006.0,2.83,-3.07,0.2,0.04,59
8452,PreHI,0.1368522585,0.023006182,-0.228773944,0.7575073535,12839.86356,910.2005872,39.353174995,25.090840765,11.885382060000001,0.3,0.76,0.165,1.72,13.0,2.37,-9.254999999999999,0.21,1.0950000000000002,5.085,0.03,215.055,2.4850000000000003,0.02,12.825,0.11,46.555,0.01,0.54,0.48,1.35,0.45,2.79,1.02,0.0,107.12,541.495,9.2,2.975,0.01,8.555,23.1,533.48,12.05,0.5249999999999999,0.1,0.03,-1.0550000000000002,1379.5,3.045,-3.255,0.2,0.04,30
88503,HI,0.20957575750000002,0.052852281,-0.935139091,0.6061986605,14515.00387,970.6666667,64.07418098000001,55.07199344,12.147540985,0.36,0.9,0.24,3.205,2.0,2.53,-9.594999999999999,0.29,0.895,3.6900000000000004,0.07,112.85,3.965,0.01,9.395,0.23,82.905,0.05,0.81,0.37,1.31,0.27,2.935,1.02,0.0,1225.31,1412.0149999999999,5.41,1.37,0.01,28.1,27.299999999999997,745.2850000000001,-0.375,0.825,0.2,0.0,-0.45,534.5,0.99,0.315,0.23,0.05,30
88503,PreHI,0.193320652,0.0456520255,-0.30237035749999996,1.0819656525,14032.423869999999,740.0993788999999,58.15524133,36.23907272,26.85096978,0.29,0.86,0.18,1.84,49.5,2.09,-9.795,0.21,0.95,4.475,0.04,74.285,1.395,0.02,7.35,0.09,64.78999999999999,0.01,0.6,0.42,1.25,0.35,2.75,1.01,0.0,191.25,827.5550000000001,8.24,1.11,0.01,10.92,28.73,825.395,6.89,1.1749999999999998,0.17,-0.05,-0.37,652.0,0.77,2.2649999999999997,0.24,0.06,30
90396,HI,0.159829222,0.026652546,-0.6658505685,1.352310198,13485.432945,1752.3529414999998,300.18658365,311.05147475,32.62605042,0.39,0.7,0.23,1.55,2.0,2.2,-7.58,0.29,1.0350000000000001,5.1,0.03,180.575,2.7199999999999998,0.01,12.09,0.14,34.295,0.02,0.59,0.47,1.43,0.43,2.4,1.01,0.0,77.125,251.69,5.4350000000000005,0.905,0.0,6.82,12.485,155.905,31.38,0.385,0.05,0.01,-0.98,1327.5,1.6549999999999998,-4.890000000000001,0.11,0.01,28
90396,PreHI,0.127175758,0.030474831,0.206838678,0.575360412,13419.15772,625.8526316,132.1439424,95.38810823,65.24064171,0.31,0.78,0.17,1.61,119.0,2.58,-9.91,0.2,1.12,5.23,0.05,186.33,4.09,0.03,12.2,0.19,82.97,0.04,0.47,0.5,1.48,0.49,2.99,1.02,0.0,8.32,288.75,16.65,2.93,0.01,2.44,26.2,686.53,12.07,0.39,0.13,0.05,-1.29,2046.0,2.87,-3.45,0.25,0.06,29
906,HI,0.1964976015,0.0391989685,-0.046731936,1.3525422175,13738.25473,652.5603795,53.17879488,34.64806487,29.306087169999998,0.25,0.84,0.15500000000000003,1.81,2.0,2.425,-6.97,0.16499999999999998,1.03,4.605,0.04,55.519999999999996,0.975,0.03,6.895,0.085,22.435000000000002,0.01,0.54,0.45499999999999996,1.315,0.4,2.78,1.02,0.0,175.745,290.725,3.435,0.7,0.0,10.19,10.67,116.645,8.625,0.44,0.055,-0.01,-0.1,1158.5,0.54,2.8,0.095,0.01,28
906,PreHI,0.167433263,0.051221865,0.008025541500000004,3.5776179465,41030.144629999995,1173.47936995,3330.996263,3008.8625925,71.67201283,0.505,0.655,0.235,2.735,8.5,2.3,-7.38,0.28,1.0750000000000002,4.805,0.02,150.45499999999998,1.4300000000000002,0.0,11.165,0.08,29.990000000000002,0.01,0.645,0.445,1.355,0.39,2.2350000000000003,1.01,0.0,14.955,116.285,6.8149999999999995,2.33,0.01,3.4000000000000004,10.89,120.76500000000001,23.119999999999997,1.05,0.055,-0.01,-1.0350000000000001,1293.5,0.74,-0.04000000000000001,0.105,0.01,6
96305,HI,0.196511628,0.049203318,-0.523998739,0.531192686,12646.97884,695.625731,71.91159231,43.14686014,52.02312139,0.34,0.83,0.21,1.62,4.0,2.2,-8.97,0.23,1.26,5.32,0.04,201.79,2.74,0.02,12.35,0.13,65.02,0.02,0.46,0.55,1.43,0.61,3.06,1.01,0.0,71.56,398.39,10.49,4.32,0.02,6.47,19.94,397.41,5.67,1.02,0.13,-0.05,-0.61,1037.0,0.55,1.26,0.18,0.03,29
96305,PreHI,0.19792582949999998,0.044818929,-0.479117094,0.4541194505,12324.29044,682.0618718999999,68.568128395,44.857784045,45.032144945,0.35,0.83,0.22,1.65,2.0,2.16,-8.84,0.26,1.23,5.19,0.04,173.175,2.66,0.02,11.425,0.13,64.945,0.02,0.46,0.54,1.41,0.58,3.12,1.01,0.0,95.27000000000001,397.655,8.864999999999998,3.54,0.01,7.8149999999999995,19.1,364.865,4.82,0.955,0.12,-0.05,-0.525,1055.5,0.54,1.35,0.175,0.03,30
96879,HI,0.12508642,0.04871767,0.166403252,1.35693967,24147.08792,512.4120172,100.2069653,57.97984424,53.64806867,0.64,0.8,0.41,4.04,2.0,2.21,-6.37,0.53,0.75,2.95,0.04,53.24,1.87,0.0,6.58,0.16,32.74,0.03,0.94,0.31,1.34,0.2,2.54,1.01,0.0,300.41,274.05,2.46,0.5,0.01,13.64,8.74,76.34,1.42,0.49,0.06,0.0,-0.32,797.0,0.97,0.28,0.07,0.01,5
